caller,callee
minLinkDistance,segmentSegmentDistance
minLinkDistance,util_isfinite
minLinkDistance,transl
minLinkDistance,rotx
minLinkDistance,rotz
segmentSegmentDistance,util_isfinite
segmentSegmentDistance,transl
segmentSegmentDistance,rotx
segmentSegmentDistance,rotz
computeTorque,util_isfinite
Evaluate,minLinkDistance
Evaluate,computeTorque
Evaluate,util_isfinite
Evaluate,IK_solver
Evaluate,FK
compute_crowding_all,crowding_distance
compute_crowding_all,hypervolume
compute_crowding_all,pareto_rank
crowding_distance,hypervolume
crowding_distance,pareto_rank
environmental_selection,crowding_distance
environmental_selection,hypervolume
environmental_selection,pareto_rank
hypervolume,crowding_distance
hypervolume,pareto_rank
hypervolumeContribution,crowding_distance
hypervolumeContribution,hypervolume
hypervolumeContribution,pareto_rank
pareto_rank,crowding_distance
pareto_rank,hypervolume
poly_mutation,crowding_distance
poly_mutation,hypervolume
poly_mutation,pareto_rank
sbx_crossover,crowding_distance
sbx_crossover,hypervolume
sbx_crossover,pareto_rank
tournament_select,crowding_distance
tournament_select,hypervolume
tournament_select,pareto_rank
IK_solver,util_isfinite
FK,util_isfinite
FK,FK_safe
FK,transl
FK,rotx
FK,rotz
FK_posori,util_isfinite
FK_posori,FK_safe
FK_posori,transl
FK_posori,rotx
FK_posori,rotz
FK_posori,FK
FK_safe,util_isfinite
FK_safe,transl
FK_safe,rotx
FK_safe,rotz
FK_safe,FK
FK_with_joints,util_isfinite
FK_with_joints,FK_safe
FK_with_joints,transl
FK_with_joints,rotx
FK_with_joints,rotz
FK_with_joints,FK
FK_with_pose,util_isfinite
FK_with_pose,FK_safe
FK_with_pose,transl
FK_with_pose,rotx
FK_with_pose,rotz
FK_with_pose,FK
numJacobian,util_isfinite
numJacobian,FK_safe
numJacobian,transl
numJacobian,rotx
numJacobian,rotz
numJacobian,FK
append_debug_row,fopen
quat_conj,quat_normalize
quat_log_err,quat_normalize
quat_log_err,quat_conj
quat_normalize,quat_conj
quat_slerp,quat_normalize
quat_slerp,quat_conj
quatlog,quat_normalize
quatlog,quat_conj
