function,file,isPrimary,indegree,outdegree
Evaluate,Evaluate.m,1,0,0
FK,Kin.m,0,0,3
FK_posori,Kin.m,0,0,3
FK_safe,Kin.m,0,0,3
FK_with_joints,Kin.m,0,0,3
FK_with_pose,Kin.m,0,0,3
IK_solver,IK.m,0,0,0
append_debug_row,Log.m,0,0,1
computeTorque,Dyn.m,0,0,3
compute_crowding_all,GA.m,0,0,3
crowding_distance,GA.m,0,8,2
environmental_selection,GA.m,0,0,3
fk_link_cog,Dyn.m,0,0,3
fopen,Log.m,0,1,0
hypervolume,GA.m,0,8,2
hypervolumeContribution,GA.m,0,0,3
minLinkDistance,Collision.m,0,0,4
numJacobian,Kin.m,0,0,3
pareto_rank,GA.m,0,8,2
poly_mutation,GA.m,0,0,3
quat_conj,Quat.m,0,0,0
quat_log_err,Quat.m,0,0,0
quat_normalize,Quat.m,0,0,0
quat_slerp,Quat.m,0,0,0
quatlog,Quat.m,0,0,0
rotx,SE3.m,0,11,0
rotz,SE3.m,0,11,0
run_ga,run_ga.m,1,0,0
run_visualize_one,run_visualize_one.m,1,0,0
sbx_crossover,GA.m,0,0,3
segmentSegmentDistance,Collision.m,0,1,3
tournament_select,GA.m,0,0,3
transl,SE3.m,0,11,0
util_isfinite,Util.m,0,0,0
visualize_arm_pose,test_visualize_pose.m,0,0,3
